{"accuracy": [0.6090035438537598, 0.8538188934326172, 0.9231158494949341, 0.9458776116371155, 0.9610521197319031, 0.975214958190918, 0.9848254919052124, 0.9848254919052124, 0.9863429665565491, 0.9883661866188049, 0.9929185509681702, 0.9934243559837341, 0.9883661866188049, 0.9959534406661987, 0.9939302206039429, 0.9969651103019714, 0.9984825253486633, 0.9979767203330994, 0.9969651103019714, 0.9969651103019714],
 "loss": [1.064272403717041, 0.4181351959705353, 0.23574034869670868, 0.1745724081993103, 0.13007573783397675, 0.09466861188411713, 0.06412223726511002, 0.056441258639097214, 0.05550634115934372, 0.04310066998004913, 0.0325629822909832, 0.03407546132802963, 0.03870561718940735, 0.021838312968611717, 0.01832146942615509, 0.018051451072096825, 0.01205440517514944, 0.015911655500531197, 0.015024893917143345, 0.014758840203285217],
 "val_accuracy": [0.7747524976730347, 0.9443069100379944, 0.978960394859314, 0.9863861203193665, 0.9938119053840637, 0.9938119053840637, 0.9925742745399475, 0.9962871074676514, 0.9975247383117676, 0.9975247383117676, 0.9987623691558838, 0.9987623691558838, 0.9975247383117676, 1.0, 1.0, 1.0, 1.0, 0.9987623691558838, 0.9987623691558838, 1.0],
 "val_loss": [0.780957043170929, 0.4224749207496643, 0.23432406783103943, 0.12310253083705902, 0.06503606587648392, 0.04222971946001053, 0.03307154402136803, 0.01939157396554947, 0.015439387410879135, 0.014548386447131634, 0.008246436715126038, 0.006322293076664209, 0.007063135039061308, 0.0034303502179682255, 0.0027736511547118425, 0.0032567440066486597, 0.002747188787907362, 0.0032597894314676523, 0.0021312159951776266, 0.001446167821995914]}